,svr_lr,svr_rbf,dtr,rtr,etr,abr,br,gbr,xgbr,mlpr
MSE,31.21144746914345,25.282146241214686,3.7716161987577608,3.2850187000621154,3.5377320546116766,35.573316478912574,3.708542309192548,6.134712223115356,6.483724825598029,5.759927380800725
RMSE,5.586720636396942,5.028135463689765,1.9420649316533576,1.8124620547923522,1.8808859759729393,5.9643370527588875,1.925757593570008,2.476835122311406,2.546315932008051,2.399984870952466
MAE,4.27519831580595,3.9233589778021507,1.5217018633540373,1.3464826086956534,1.448649262422359,4.668866132600671,1.4353155279503114,1.641298551994482,1.6535847651321691,1.7934192361029673
MDAE,4.27519831580595,3.9233589778021507,1.5217018633540373,1.3464826086956534,1.448649262422359,4.668866132600671,1.4353155279503114,1.641298551994482,1.6535847651321691,1.7934192361029673
RANK,3.788856695630962,3.0963541578076867,0.8285274045817997,0.7333095504399186,0.7056556455789833,2.1860688251298797,0.7607458285245265,0.9660084212294344,0.9800378023926769,0.8622764031410367
ACC,0.80650432523513,0.8314568422883234,0.9821314274427143,0.9864873308411582,0.9878770946311533,0.8997289389843395,0.9854774513097869,0.965744234402285,0.9629823101319629,0.9772517503306133
R2,0.791638426478652,0.831221292186969,0.9748214213176529,0.978069851900695,0.9763827865297005,0.7625194344399774,0.9752424903786412,0.9590458503030765,0.9567159098187731,0.961547841265009
