,svr_lr,svr_rbf,dtr,rtr,etr,abr,br,gbr,xgbr,mlpr
MSE,14.657501427438387,16.11812528208484,1.0753737045454541,8.421226682954547,9.067987417370128,10.702832390751274,10.706363005681814,1.5049321139229213,1.616342515214385,2.864346893574123
RMSE,3.8285116465068234,4.014738507310886,1.037002268341518,2.9019349894431725,3.011309917190545,3.271518361671118,3.272057916003599,1.2267567460270685,1.271354598534329,1.6924381505904795
MAE,2.9072078698824964,3.3051201655721703,0.6612499999999997,1.5711795454545454,1.6382049005681838,2.7173194270242655,1.5638431818181815,0.8601125720310876,0.874322523853995,1.477256671770234
MDAE,2.9072078698824964,3.3051201655721703,0.6612499999999997,1.5711795454545454,1.6382049005681838,2.7173194270242655,1.5638431818181815,0.8601125720310876,0.874322523853995,1.477256671770234
RANK,11.583608722137877,13.306771544205123,1.3802343422736465,1.4472772905546731,3.1308492585975185,18.27284159215297,1.7380784041337642,7.868083818968945,8.227092568614369,3.6902976860496506
ACC,0.3477374157919284,0.2566402607968339,0.950484204968108,0.677267770370917,0.6574603325514181,0.5514235708025643,0.563001111101364,0.9358545580153206,0.92530801369942,0.9245951558212214
R2,0.28860894643778534,0.2177186417048157,0.9478075280130885,0.591281955391203,0.5598918987341195,0.48054590011477916,0.480374544315321,0.926959226484596,0.921552004582222,0.8609810297836372
