,svr_lr,svr_rbf,dtr,rtr,etr,abr,br,gbr,xgbr,mlpr
MSE,414.47858442266323,473.5597347030405,18.522636114583335,9.386070301770841,6.497487157431425,45.55830751258649,8.468780168124992,8.572107501035113,8.436493264356928,21.352771663228925
RMSE,20.35874712310812,21.76142768071618,4.303793223957598,3.0636694178339217,2.5490169001855256,6.749689438232435,2.91011686502879,2.9278161658538457,2.904564212469218,4.62090593533659
MAE,17.975560847219956,19.05461147865264,2.5096354166666672,1.9840010416666685,1.5750462782118078,6.127496096246515,2.0190479166666653,1.9114556531076685,1.9181469141642264,3.346397609167548
MDAE,17.975560847219956,19.05461147865264,2.5096354166666672,1.9840010416666685,1.5750462782118078,6.127496096246515,2.0190479166666653,1.9114556531076685,1.9181469141642264,3.346397609167548
RANK,2.951820046043913,2.8218932656989364,0.6721020258625893,0.4073038580246654,0.3279111177356507,0.964180195022235,0.3978508906059143,0.40105067180566534,0.3998172559319344,0.810449018937612
ACC,0.4414870366405311,0.4749660251064093,0.9631546168844797,0.9820140161030588,0.9871642907293459,0.9764110489229083,0.9843098057264261,0.9836067104352886,0.9834944611387315,0.9567369940085781
R2,0.1428312039564854,0.020647524610933554,0.9616939781822383,0.9805889932977951,0.986562771990255,0.9057824431273349,0.9824860092330696,0.9822723215568478,0.9825527806597995,0.9558410729368404
