,svr_lr,svr_rbf,dtr,rtr,etr,abr,br,gbr,xgbr,mlpr
MSE,15.813595787474767,16.014987307223155,3.8603794210526323,5.355189282456141,20.513531951393055,12.488681353993423,4.396542119473683,3.936667708557909,4.378155392047111,10.079523932443243
RMSE,3.976631210896324,4.001872974898523,1.9647848281816083,2.3141281905841216,4.529186676589193,3.5339328451448284,2.09679329440784,1.9841037544841018,2.0924042133505445,3.1748265987992546
MAE,2.8531864285384803,3.042276244235363,1.4235614035087727,1.4543192982456141,2.414279179288734,2.7975410450910276,1.2795210526315794,1.206458042058145,1.370578199085436,2.50011147489862
MDAE,2.8531864285384803,3.042276244235363,1.4235614035087727,1.4543192982456141,2.414279179288734,2.7975410450910276,1.2795210526315794,1.206458042058145,1.370578199085436,2.50011147489862
RANK,1.9905462503794666,1.9981763709048077,0.9411657910756961,1.5794696861632607,2.0479725192325655,1.9567423098109602,1.6210602269013101,1.5059842142493414,1.4712547548703947,1.7294780449412943
ACC,-1.1934773881527572,-1.2783685664086049,0.44974551710276844,0.32208976565060377,-1.2622426073252178,-0.803741556553252,0.4903230349825417,0.4371531296317056,0.3800065630647286,-0.42884710916133617
R2,-1.2839681526634639,-1.3130552637483528,0.44244283378830473,0.22654645173729426,-1.9627830573951868,-0.8037485505905857,0.3650044988076093,0.43142446570649917,0.36766010607355804,-0.45579234255776946
