,svr_lr,svr_rbf,dtr,rtr,etr,abr,br,gbr,xgbr,mlpr
MSE,18.775677567590428,5.580236574060106,4.535122392405064,3.6797008218987344,2.8314236380249564,36.80703481378828,3.3287050520253167,3.9305380067952385,4.0760708409171915,4.817647460951268
RMSE,4.333090994612325,2.3622524365655986,2.129582680340227,1.9182546290570328,1.6826834634074694,6.06688015488919,1.824473911028962,1.982558449780293,2.0189281415932543,2.194913998531894
MAE,3.61893114652067,1.883103066584119,1.0368481012658228,1.0129481012658228,0.9503777689873424,5.606260693602294,0.9799329113924048,1.2896549708729872,1.3278833753821218,1.4388764923876836
MDAE,3.61893114652067,1.883103066584119,1.0368481012658228,1.0129481012658228,0.9503777689873424,5.606260693602294,0.9799329113924048,1.2896549708729872,1.3278833753821218,1.4388764923876836
RANK,36.35366474560708,8.719784404476187,4.158264171000555,4.150692635242681,4.866486549988599,51.61475524469073,3.969656611232168,3.300359035839184,3.7178670636194435,5.309610001834892
ACC,0.6683164808220352,0.836024581936147,0.858678038345992,0.885378236001081,0.9121834471308425,0.7960305214048486,0.8962852511258916,0.8792327163417853,0.8751742820906812,0.852266027274188
R2,0.4148716883364594,0.8260965872731504,0.8586666979605548,0.8853251968354467,0.9117610468672742,-0.1470605020992073,0.8962636868839545,0.8775080654444457,0.872972656204761,0.849862040138436
