,svr_lr,svr_rbf,dtr,rtr,etr,abr,br,gbr,xgbr,mlpr
MSE,12.503339314759577,10.084272898759357,5.302945274999999,4.723738365,2.2751584257785376,14.310217336149696,5.225823709499997,4.968203885030936,4.98828010010904,10.025906812238011
RMSE,3.536006124819296,3.175574420283574,2.302812470654091,2.1734162889331623,1.5083628296197629,3.782884790229501,2.286006060687503,2.228946810722709,2.2334457907254075,3.1663712372743045
MAE,2.6065772687252555,2.4102697609991424,1.627975,1.3747949999999995,0.9247809895833339,3.4514497982427317,1.3959050000000002,1.8630683859160384,1.8710848138332365,2.7600253051214296
MDAE,2.6065772687252555,2.4102697609991424,1.627975,1.3747949999999995,0.9247809895833339,3.4514497982427317,1.3959050000000002,1.8630683859160384,1.8710848138332365,2.7600253051214296
RANK,3.4038803969179856,2.575019585756887,1.663082834610162,1.401007462633667,1.2434590388387308,3.307421372198799,1.4498391198008949,1.5632641552520035,1.5405818181608346,1.6835003193288225
ACC,0.863283139573165,0.8860136217912372,0.9396827464616577,0.9509123022063964,0.9739601481316399,0.8325925670058703,0.9442785775664055,0.9532719213675405,0.9543312020387122,0.9355873772675077
R2,0.8463144842150285,0.8760485784839278,0.93481854253081,0.9419378976461663,0.9720347590866751,0.8241051388803731,0.9357664866978551,0.9389330356175685,0.9386862676628953,0.8767659886001833
