,svr_lr,svr_rbf,dtr,rtr,etr,abr,br,gbr,xgbr,mlpr
MSE,393.255327626532,417.4038801011866,63.92540689130437,37.0493856297826,9.121610560080473,55.442769067005706,38.89813005934782,28.446089725525376,28.1973718714983,28.474897895161245
RMSE,19.830666343482562,20.430464510166836,7.995336571483677,6.08682065037098,3.020200417204208,7.44599013342119,6.236836542619008,5.333487576204277,5.310119760560801,5.336187580582344
MAE,15.907376037864493,16.445280926210337,3.917913043478262,3.128758695652173,1.9898284646739182,6.68814858554041,3.302908695652173,3.1975536962164326,3.313787989326146,4.242687002708094
MDAE,15.907376037864493,16.445280926210337,3.917913043478262,3.128758695652173,1.9898284646739182,6.68814858554041,3.302908695652173,3.1975536962164326,3.313787989326146,4.242687002708094
RANK,4.667056308594281,4.154409169230513,1.2622983778157382,0.8598630096121169,0.5868415795791477,1.6052423796642286,0.8879857932099707,0.7695459495716709,0.7684043229109669,1.4563998601080215
ACC,0.5201644610969544,0.5387296339351896,0.9190552944021044,0.9528806721847682,0.989200384122558,0.9700228025950237,0.9527832279490671,0.9671390698026747,0.9681575173695299,0.9687566937915051
R2,0.453186482982491,0.4196084130063148,0.9111130247618516,0.9484835844899243,0.9873165864495077,0.9229079597479468,0.945912943045094,0.9604462920767288,0.9607921291829327,0.9604062349040708
