,svr_lr,svr_rbf,dtr,rtr,etr,abr,br,gbr,xgbr,mlpr
MSE,19.87099495044087,5.259281931102221,2.04050695,3.512623482259644,2.682181854307767,35.92709020984144,3.0794463589023287,3.5387928194282465,3.634009506969869,5.152872364913437
RMSE,4.4576894183467815,2.293312436433863,1.4284631426816725,1.8741994243568756,1.6377368086196777,5.993921104739488,1.754835137242906,1.881167940251015,1.906307820623382,2.2699939129683666
MAE,3.7726593994786137,1.84044693568987,0.786375,1.0596250826216118,0.838411415243223,5.588616662237653,0.9926775826216115,1.2213653538278,1.2461268974095585,1.42951132054131
MDAE,3.7726593994786137,1.84044693568987,0.786375,1.0596250826216118,0.838411415243223,5.588616662237653,0.9926775826216115,1.2213653538278,1.2461268974095585,1.42951132054131
RANK,38.5935500591662,7.606943647632127,4.616027050613586,4.465431743105055,4.193597005269483,51.85768253911984,4.743731131681898,3.566185707200988,3.4633519148365277,4.338310682629814
ACC,0.684701978829175,0.8524788533048788,0.9384855936317704,0.8941838890286051,0.9191823811208243,0.8054034423728063,0.906946533513673,0.8941069620927576,0.892055136827446,0.8462363787266569
R2,0.39897352948008413,0.840925546788013,0.9382819686035576,0.8937557128330381,0.9188735995752747,-0.0866658805321947,0.906857770289685,0.8929641840548608,0.8900842200776936,0.8441440552801901
