svr_lr,svr_rbf,dtr,rtr,etr,abr,br,gbr,xgbr,mlpr
12.483362881758787,11.266642808254074,4.341221897267078,3.5956184841047873,2.541655865465417,11.439947030454084,5.292866023301357,5.165154169736776,5.187722012912499,13.623990390404185
3.5331802786949305,3.3565820127406503,2.0835599096899227,1.8962116137458886,1.594257151611815,3.382299074661211,2.300622964177607,2.2726975535114162,2.277657132430713,3.6910690037446043
2.7436469964070254,2.475969877508296,1.2817955980053035,1.2081417062677513,1.087962357960268,2.458403432471508,1.4488134918617552,1.6846191619520445,1.6431803475280413,2.7982860803290412
4.45389344352543,4.842296657955089,1.8212846183106877,1.3694617158937548,1.273039450636104,4.250644060517142,1.730056138531067,1.52923824014173,1.6571025444024647,4.611576052245539
0.7150179526651779,0.7105665302491142,0.8870611391901833,0.9042423932741964,0.9110555015048911,0.7273681201206114,0.877845116133706,0.871230777905297,0.8696781348454774,0.7031591650142992
0.7951237307124535,0.815092474054135,0.9287521035088123,0.94098890597171,0.9582864828602979,0.8122482146320203,0.9131337721282348,0.9152297720883371,0.9148593898796724,0.776403814386101
