,svr_lr,svr_rbf,dtr,rtr,etr,abr,br,gbr,xgbr,mlpr
MSE,12.266797325955647,12.021573771340387,0.7078078846153844,0.2000856826923075,0.5548612731380163,13.000579327509996,0.4748326430769234,0.8727142147853223,0.8932354668434564,1.400624131348408
RMSE,3.50239879596194,3.4672141225110957,0.8413131905630532,0.44730938140431115,0.7448901080951581,3.605631612839836,0.6890810134352299,0.9341917441217955,0.9451113515578238,1.1834796708640196
MAE,3.1884668756750276,3.2377206424881564,0.4290384615384618,0.28047307692307755,0.4063002542203431,2.842492395876694,0.37441538461538476,0.7568226759718418,0.7513478205754205,1.0337410194705123
MDAE,3.1884668756750276,3.2377206424881564,0.4290384615384618,0.28047307692307755,0.4063002542203431,2.842492395876694,0.37441538461538476,0.7568226759718418,0.7513478205754205,1.0337410194705123
RANK,1.778056941685102,1.658798453642599,0.4420721541321482,0.2823721767120243,0.7578119206659586,2.342716762851985,0.7596837103323286,0.5234805201549809,0.5602817814895886,0.6608377825017373
ACC,0.8379904617550424,0.9139936124622979,0.9711831464069134,0.9924917927122671,0.9790216781507581,0.7651095226194737,0.9803370785039284,0.9683703028766092,0.9684045742291221,0.9809862461316423
R2,0.46104104999398643,0.47181529089813257,0.9689014675826507,0.9912089548241818,0.9756213915316998,0.42880130830898766,0.9791375616682098,0.9616560766141641,0.960754446615056,0.9384616138079208
