,svr_lr,svr_rbf,dtr,rtr,etr,abr,br,gbr,xgbr,mlpr
MSE,4.826003928484307,5.409854998744471,3.6432011612903237,1.5859701199640315,0.9931266068237271,11.009197391681928,1.3749492760959534,2.9818124951032052,3.124939101886608,3.3166147007481666
RMSE,2.196816771714088,2.325909499259262,1.908717150677471,1.2593530561220834,0.9965573775873254,3.3180110596081396,1.1725823110110238,1.726792545473603,1.767749728294876,1.8211575167316436
MAE,1.731829439414979,1.7831075045653855,1.305935483870968,0.9007324183530357,0.7621709677419349,2.577557925706694,0.8780159558873254,1.3532710059075415,1.3917147611802616,1.3559729587322038
MDAE,1.731829439414979,1.7831075045653855,1.305935483870968,0.9007324183530357,0.7621709677419349,2.577557925706694,0.8780159558873254,1.3532710059075415,1.3917147611802616,1.3559729587322038
RANK,1.3351608868734142,2.08213948172162,1.5146016759371854,0.9244332375840933,0.5971023981630542,6.301733463676149,0.7955440779307295,1.1740478876790288,1.2097194315860904,0.946636438618449
ACC,0.9520165139311618,0.9459702104282661,0.965872416879502,0.9847651116144351,0.9919974959498338,0.8952401572874658,0.9874274972671012,0.973437685032148,0.9713748591800377,0.9667829464807766
R2,0.9516110970928836,0.945756996439487,0.9634707078822999,0.9840979503361843,0.9900422155339687,0.8896140592577829,0.9862137934388063,0.9701022548984763,0.9686671670739121,0.9667452929767462
