,svr_lr,svr_rbf,dtr,rtr,etr,abr,br,gbr,xgbr,mlpr
MSE,19.575989803339038,12.380560919139475,5.0297369056603785,3.945240357358489,2.8672800202933573,22.00007829238621,4.23038765754717,5.263126179102128,5.295800090000263,5.24054751801806
RMSE,4.424476217965132,3.518602125722582,2.242707494449595,1.9862629124460058,1.693304467688359,4.690424105812417,2.0567906207359004,2.294150426432872,2.3012605437021385,2.289224217506459
MAE,3.8432768905792107,2.8042502624087544,1.2763773584905662,1.0959245283018868,1.0580608294025147,3.9891534381888576,1.1419981132075474,1.6609543844111985,1.6449612572508039,1.5201036314426999
MDAE,3.8432768905792107,2.8042502624087544,1.2763773584905662,1.0959245283018868,1.0580608294025147,3.9891534381888576,1.1419981132075474,1.6609543844111985,1.6449612572508039,1.5201036314426999
RANK,6.532491756540926,6.527034476165463,1.8832945413387494,1.8358945829453464,2.0473748837582297,7.157815361095899,2.051793295960001,2.8196338120627775,2.703791701193677,2.2906463240131494
ACC,0.6753765778918187,0.8204984419443524,0.914075177200889,0.9321992555771762,0.95090205278317,0.7332806809301226,0.927394639006844,0.9121549430604551,0.9117343136409519,0.9099335409309797
R2,0.6634499156751499,0.787153606883539,0.9135288485161001,0.9321734947612035,0.9507057705737009,0.6217750275292349,0.92727124721778,0.9095164240897275,0.9089546947683261,0.9099045960477293
