,svr_lr,svr_rbf,dtr,rtr,etr,abr,br,gbr,xgbr,mlpr
MSE,15.038477487469866,14.44790874693593,1.9410528399999993,0.12792833640000006,0.3067289350162765,8.744663774714976,0.3138947808000002,0.5366178811684195,0.6171705678608431,0.8654532167435215
RMSE,3.877947586993649,3.801040482149056,1.3932167239880517,0.3576707094521441,0.553831143053798,2.9571377672869716,0.5602631353212526,0.7325420678489526,0.7856020416603072,0.9302973808108467
MAE,3.6278365107222843,3.603328997940005,0.6610800000000003,0.24809200000000003,0.3120460416666689,2.321929175471858,0.3392320000000002,0.5563878196566734,0.6161154612731938,0.8165980190762033
MDAE,3.6278365107222843,3.603328997940005,0.6610800000000003,0.24809200000000003,0.3120460416666689,2.321929175471858,0.3392320000000002,0.5563878196566734,0.6161154612731938,0.8165980190762033
RANK,1.8113903861115503,1.6769174581993966,0.5044456494737928,0.28915760929491807,0.5531279796649564,1.9423653420076552,0.545941794418745,0.4154159160086528,0.4427118233762122,0.4078920048248477
ACC,0.8366936717470901,0.9143124656227023,0.9126554010602146,0.9941478793813713,0.9875177316770438,0.8225380223326637,0.9880976108020337,0.9786568228933805,0.9777090912565936,0.9853801731786435
R2,0.2942184453757649,0.3219348497892973,0.9089030593579408,0.9939961036467878,0.9856046847305919,0.58959792314568,0.985268379291318,0.9748156019965603,0.9710351261810857,0.9593827954141816
