svr_lr,svr_rbf,dtr,rtr,etr,abr,br,gbr,xgbr,mlpr
9.656068686848016,8.504719931795018,3.235107517174308,1.7454492958198549,1.1686647833069421,13.61809541089798,1.8205609162728715,5.023969027517625,4.793210728711589,6.502526972387615
3.1074215495886643,2.916285296707957,1.798640463565275,1.3211545313928477,1.0810480023139315,3.690270370975273,1.3492816297099992,2.2414212070732322,2.189340249644077,2.5500052886979696
2.7080281398839414,2.469312902644859,1.4420828674943045,0.9147457337306775,0.8679037745506359,3.0587955814732126,1.0704945945945945,1.952558704191639,1.9121884224350398,2.1307181514054663
1.5086582497096037,1.3998836695855692,0.6627808776915572,0.4414751834899403,0.4032664842064554,2.406204670827025,0.5560024658095398,0.9215605205146185,0.878344439724217,0.954692991392438
0.8109959454103789,0.8321666826480192,0.9141117684898055,0.9461604115109075,0.947681064088186,0.742515595812774,0.9317724850245743,0.8772139212063937,0.8805228703714314,0.875985110129401
0.8424172900197154,0.8612067852933767,0.947204496346605,0.9715150503700222,0.9809279149119076,0.7777587909516124,0.9702892624136752,0.9180110788470717,0.9217769507826995,0.8938816763571285
