,svr_lr,svr_rbf,dtr,rtr,etr,abr,br,gbr,xgbr,mlpr
MSE,4.186137565155027,2.2843631936313273,1.538060249090836,0.7035700986567036,1.0037090307641874,10.694308662660703,0.6902072022895082,2.5128386834184155,2.493517327520281,3.551097075877615
RMSE,2.0460052700701987,1.5114109942802876,1.2401855704251827,0.838790855134165,1.001852798950119,3.2702153847507818,0.8307870980519065,1.5851935791626257,1.5790874983737542,1.8844354793618208
MAE,1.671276118646578,1.2264312714533676,0.7472359421302872,0.604641306073116,0.6659690162585642,2.8492341234037997,0.6129737886168205,1.1306016193809667,1.1317201840082804,1.3234172375914461
MDAE,1.671276118646578,1.2264312714533676,0.7472359421302872,0.604641306073116,0.6659690162585642,2.8492341234037997,0.6129737886168205,1.1306016193809667,1.1317201840082804,1.3234172375914461
RANK,2.3237481152093897,1.1781135769850797,0.9445966146273523,0.6895558100308332,0.6306283104826209,4.34841371109141,0.6363199867633109,0.9427061601774551,0.9465928164164487,1.1568851494714545
ACC,0.7773938102223654,0.8724298796268718,0.9239916073297253,0.9680763013611521,0.9606851228893465,0.8542232951399401,0.9730556670137102,0.9000422965568522,0.8966914013040073,0.8768271708371246
R2,0.7634660708205072,0.8709241171718106,0.9130932922366177,0.9602454058668016,0.9432863260931079,0.39572773028452934,0.9610004642789429,0.8580143155994995,0.8591060513956909,0.7993484611574075
