,svr_lr,svr_rbf,dtr,rtr,etr,abr,br,gbr,xgbr,mlpr
MSE,20.793821575946197,5.8135654210875085,2.6072144556962025,3.975255025705969,3.019139210901884,35.98485946265502,3.581480521166914,4.024485555785385,3.995930294132513,5.728537265209289
RMSE,4.560024295543412,2.4111336381643196,1.6146871076763456,1.9938041593160472,1.7375670378151986,5.998738155867033,1.8924799922765139,2.006112049658589,1.9989823146122412,2.3934362881032136
MAE,3.8040625236482986,1.9175579482977851,0.8735189873417722,1.1287481849332777,0.9022901244200859,5.5919682396755395,1.0754380583509988,1.3268551151361123,1.3345631993329978,1.5075806203778026
MDAE,3.8040625236482986,1.9175579482977851,0.8735189873417722,1.1287481849332777,0.9022901244200859,5.5919682396755395,1.0754380583509988,1.3268551151361123,1.3345631993329978,1.5075806203778026
RANK,38.158356622833566,8.867392791123516,4.540074475309176,4.4526727551235155,4.153043999063911,51.48905314549217,4.7750685818906735,3.6361713701974856,3.391876314591571,4.508941331699076
ACC,0.6579075836224876,0.8324150306402414,0.9194332960006408,0.8763288534185817,0.9059452809386473,0.7976582811432008,0.8883886099230606,0.8764650030575982,0.8786248663017302,0.8236835559333172
R2,0.3519779156855346,0.8188250886104758,0.9187483387955262,0.8761144968936613,0.9059110478014601,-0.12143809388687221,0.888386150483133,0.8745802685365769,0.8754701694192432,0.8214749200806735
