,svr_lr,svr_rbf,dtr,rtr,etr,abr,br,gbr,xgbr,mlpr
MSE,14.883117495380025,12.582597941852594,30.06091318181819,2.710225137140358,2.2235907901594936,12.347927402087787,2.1865722661363645,3.8715999499018707,3.9674867358111783,10.182681856993465
RMSE,3.8578643697491524,3.5471957856668404,5.482783342593266,1.6462761424318697,1.4911709459882503,3.51396178153488,1.4787062812257086,1.967638165390647,1.9918550991001274,3.1910314722662116
MAE,3.284571469885245,2.9646424680124994,2.3494090909090906,1.115531818181818,1.1656889650384974,2.9771089163659337,1.0601568181818182,1.6343845922114133,1.6859897626963536,2.577744326324807
MDAE,3.284571469885245,2.9646424680124994,2.3494090909090906,1.115531818181818,1.1656889650384974,2.9771089163659337,1.0601568181818182,1.6343845922114133,1.6859897626963536,2.577744326324807
RANK,6.709876499954251,10.46616903275769,2.674940578122713,2.01354382640576,1.631459750197369,15.562443708071617,1.9179823039974537,5.012665522728078,4.509419960601094,11.523963239730167
ACC,0.894895230027837,0.8899637952598874,0.605600846524903,0.9689347264654009,0.9781390285109387,0.8380948239294629,0.976709772430825,0.9608844532230137,0.9621931752792249,0.896229897155916
R2,0.8034362749687585,0.8338196064911314,0.6029806877024819,0.9642056209799469,0.9706326790207369,0.8369189380300769,0.9711215886177621,0.9488671571517384,0.9476007649576663,0.8655156839795164
