svr_lr,svr_rbf,dtr,rtr,etr,abr,br,gbr,xgbr,mlpr
4.186137565155027,2.2843631936313273,1.538060249090836,0.7035700986567036,1.0037090307641874,10.694308662660703,0.6902072022895082,2.5128386834184155,2.493517327520281,3.551097075877615
2.0460052700701987,1.5114109942802876,1.2401855704251827,0.838790855134165,1.001852798950119,3.2702153847507818,0.8307870980519065,1.5851935791626257,1.5790874983737542,1.8844354793618208
1.671276118646578,1.2264312714533676,0.7472359421302872,0.604641306073116,0.6659690162585642,2.8492341234037997,0.6129737886168205,1.1306016193809667,1.1317201840082804,1.3234172375914461
2.3237481152093897,1.1781135769850797,0.9445966146273523,0.6895558100308332,0.6306283104826209,4.34841371109141,0.6363199867633109,0.9427061601774551,0.9465928164164487,1.1568851494714545
0.8591943378291802,0.9101656662256582,0.9433798002078853,0.9540482041713522,0.9556425478475057,0.7403648397241263,0.95475427267264,0.9262789959752797,0.9261088053936036,0.9142011882016213
0.7634660708205072,0.8709241171718106,0.9130932922366177,0.9602454058668016,0.9432863260931079,0.39572773028452934,0.9610004642789429,0.8580143155994995,0.8591060513956909,0.7993484611574075
