,svr_lr,svr_rbf,dtr,rtr,etr,abr,br,gbr,xgbr,mlpr
MSE,68.01982051560401,68.96728872758365,11.776742412456748,5.8266833618339104,3.8675305422230095,27.308887750571635,6.083274988214534,5.8710322428718476,5.989765666822531,7.475056055092472
RMSE,8.247412958958948,8.304654642282463,3.4317258649922415,2.413852390233071,1.9666038091651834,5.225790634016219,2.4664296033364774,2.423021304667346,2.4473997766655393,2.7340548741918975
MAE,4.972349715105484,4.572125857439196,1.4119681660899654,1.1587236678200696,1.041023972750866,4.3194217999249815,1.2142038062283738,1.4966884063102006,1.529267734227131,1.8194618137296819
MDAE,4.972349715105484,4.572125857439196,1.4119681660899654,1.1587236678200696,1.041023972750866,4.3194217999249815,1.2142038062283738,1.4966884063102006,1.529267734227131,1.8194618137296819
RANK,55.87663998222205,24.648112485675952,8.804766875068315,7.5568788398530256,8.76910926403246,81.41148405125415,7.701704091272316,11.510596747006016,12.172731812500237,9.900528353075094
ACC,0.8653135261435521,0.8644446138780804,0.9761657839007972,0.9882554948892994,0.9923327018384969,0.9514178123914218,0.9877717616147736,0.988100380465285,0.9878571820767863,0.9848861104361736
R2,0.8621044966419358,0.860183709362341,0.976125196882702,0.988187657229942,0.9921594166695841,0.9446371249737411,0.9876674730952439,0.9880977494467732,0.9878570430594732,0.9848459374115776
