svr_lr,svr_rbf,dtr,rtr,etr,abr,br,gbr,xgbr,mlpr
422.64374884789044,479.42531392934035,30.16503612371135,9.432303973814445,9.594929156804106,40.92640415249752,7.5209698555670235,7.78234863642583,8.266037149860965,18.684597386974996
20.558301215029672,21.895783017040984,5.492270579979773,3.0712056221969974,3.097568265075704,6.3973747859960115,2.7424386694267247,2.7896861179039174,2.8750716773431866,4.322568378519303
18.192170935619203,19.21500549695521,2.7899793814433007,1.9912927835051568,2.04514948453608,5.846249440644731,1.8140195876288683,1.8519746516475966,1.953449365517529,3.2753393735808527
2.983641307942267,2.8679724201703682,0.7492022048485212,0.4516164720886317,0.4156195299375534,0.9391414913600692,0.4073568842476468,0.3841763224329531,0.39913935255092897,0.5760546428662724
0.7405500087089179,0.7396439455063142,0.9599254881830568,0.9705998423267841,0.9719722520280254,0.915140540550743,0.9725623063896084,0.9727893192188872,0.971822061430297,0.9548009811104953
0.11771145205539457,-0.0008227147039596705,0.9370290794721672,0.9803096253061488,0.9799701376479254,0.9145642215441906,0.9842996244683805,0.9837539840663726,0.9827442617237626,0.9609950310576656
