svr_lr,svr_rbf,dtr,rtr,etr,abr,br,gbr,xgbr,mlpr
31.347708473772077,25.99266706986806,4.209718677018633,3.4167459619254656,2.8384228600621126,31.596516423272394,3.2045494671428574,6.1410323483097375,5.85539863319969,10.603255084221727
5.598902434743088,5.098300409927612,2.05175989750717,1.8484442003818957,1.6847619594655243,5.62107787023738,1.790125545078573,2.478110640853176,2.419793097188206,3.2562639764339942
4.2804881705834275,3.976408889591089,1.624726708074534,1.4133397515527952,1.3265596273291933,4.348512466682633,1.3650652173913052,1.7429096950031102,1.574134630475725,2.4795686992797483
3.790379638898746,3.136408509181997,0.8891107896485958,0.7222894348510626,0.6440761000498892,2.177218969191026,0.7039904091798814,1.0700222438697493,0.955910479209883,1.2219297780774556
0.8249700170434657,0.8501087942603232,0.9466328488920595,0.9551889929483758,0.9584948717071897,0.8703827390512896,0.9564380286004104,0.9412712423871865,0.9484741936686182,0.923664825365641
0.7907287744235177,0.8264779928566747,0.9718967340911382,0.9771904662334765,0.9810512391638933,0.7890677807796389,0.9786070489021377,0.9590036583723225,0.9609104936893937,0.9292147243096989
