svr_lr,svr_rbf,dtr,rtr,etr,abr,br,gbr,xgbr,mlpr
14.883117495380025,12.582597941852594,30.06091318181819,2.710225137140358,2.2235907901594936,12.347927402087787,2.1865722661363645,3.8715999499018707,3.9674867358111783,10.182681856993465
3.8578643697491524,3.5471957856668404,5.482783342593266,1.6462761424318697,1.4911709459882503,3.51396178153488,1.4787062812257086,1.967638165390647,1.9918550991001274,3.1910314722662116
3.284571469885245,2.9646424680124994,2.3494090909090906,1.115531818181818,1.1656889650384974,2.9771089163659337,1.0601568181818182,1.6343845922114133,1.6859897626963536,2.577744326324807
6.709876499954251,10.46616903275769,2.674940578122713,2.01354382640576,1.631459750197369,15.562443708071617,1.9179823039974537,5.012665522728078,4.509419960601094,11.523963239730167
0.6385602887110429,0.5610376573494986,0.8095994368462177,0.8773496909784599,0.8932365961174913,0.38725679082293263,0.8852589927569109,0.7778734054099787,0.7907432825553659,0.5469714382213369
0.8034362749687585,0.8338196064911314,0.6029806877024819,0.9642056209799469,0.9706326790207369,0.8369189380300769,0.9711215886177621,0.9488671571517384,0.9476007649576663,0.8655156839795164
