,svr_lr,svr_rbf,dtr,rtr,etr,abr,br,gbr,xgbr,mlpr
MSE,69.65773172340278,50.63535367959678,8.400103727272727,7.718613130681816,10.379671132159086,68.41719715577474,8.124244061704548,15.703140296255253,12.350726995470428,12.70179598638847
RMSE,8.34612075897556,7.115852280619433,2.8982932438372635,2.7782392140853918,3.221749700420423,8.271468863253657,2.85030595931464,3.9627188010575836,3.514360111808468,3.5639579102997936
MAE,7.245983858111432,5.768374224348893,1.6775454545454551,1.6396181818181823,1.9705875000000004,7.293234971897272,1.5766943181818187,2.4282990792121604,2.1767438206239182,1.973140502038376
MDAE,7.245983858111432,5.768374224348893,1.6775454545454551,1.6396181818181823,1.9705875000000004,7.293234971897272,1.5766943181818187,2.4282990792121604,2.1767438206239182,1.973140502038376
RANK,2.564066873041968,2.2285313522357626,0.46064187219162367,0.42202580125603445,0.5101234068948716,1.7462257461986452,0.4209339083601605,0.7654059136949449,0.674493200822662,0.6422593654955594
ACC,0.7846307768933397,0.7845622887188703,0.9566196246883641,0.9611358125666712,0.9506404337107608,0.8792358289535314,0.9580331895479272,0.9179146754399918,0.9356199394982697,0.9354950828589409
R2,0.6358753840752873,0.7353118131378842,0.9560898055715285,0.9596521883192946,0.945741934586244,0.6423600794824322,0.9575318177113005,0.9179143536873913,0.9354385563188568,0.933603399498237
