svr_lr,svr_rbf,dtr,rtr,etr,abr,br,gbr,xgbr,mlpr
5.2259890069872235,3.1061510953982476,1.9408721794871793,0.7653721664475694,0.6254202640698251,9.84049821227758,0.7539913355207603,0.9666091771669133,1.0326696515496152,2.9187128443098587
2.2860422146118,1.7624276142293753,1.3931518867256287,0.8748555117546951,0.7908351687107908,3.136956839403051,0.8683267446766569,0.9831628436667617,1.0162035482862748,1.7084240821031114
1.821855072566919,1.3568018504311377,0.8036410256410256,0.6021898283298582,0.5910399978100873,2.6713706539306594,0.6232872642272941,0.7809558773103847,0.7983539883540228,1.2636565887021924
3.7590095433104045,1.25647430326306,0.8867879427098799,0.5723927769629621,0.4642953214573671,6.4449338803929646,0.7702687862880576,0.6226150074679646,0.7120979000742763,0.9719069149310856
0.8216673440942577,0.8973159059600235,0.9418656270143859,0.9564949291314345,0.9596523290147553,0.7130083193642951,0.9506166383588236,0.9448079475065909,0.9424550604157944,0.9152652583319644
0.6519015344172159,0.7931020465732377,0.8707202356016259,0.9490192427913728,0.9583413141558454,0.34453319291639084,0.9497773097864206,0.935615025033507,0.9312147957682819,0.8055871412621383
