,svr_lr,svr_rbf,dtr,rtr,etr,abr,br,gbr,xgbr,mlpr
MSE,13.702415692403724,11.983570582947845,2.5969196136363633,2.3836884793181823,1.252305722015692,14.48775781333052,2.023780426363636,4.055900954153537,4.413600804285695,4.7694658932118505
RMSE,3.7016774160377244,3.461729420816688,1.6114960793115083,1.5439198422580696,1.119064663911649,3.8062787356328123,1.4225963680410674,2.0139267499473603,2.1008571594198626,2.183910688011726
MAE,3.127895067592471,2.8793120797921103,1.1828863636363636,1.0829477272727275,0.9018855350378793,3.3355856030067583,1.0738090909090903,1.7312497197137495,1.7612268125360664,1.847681127797189
MDAE,3.127895067592471,2.8793120797921103,1.1828863636363636,1.0829477272727275,0.9018855350378793,3.3355856030067583,1.0738090909090903,1.7312497197137495,1.7612268125360664,1.847681127797189
RANK,6.724627300739058,10.591649580938899,1.9294470289404135,1.8710102566716453,1.6329888781689625,15.569399143314138,1.9671057571611408,4.374265893697741,4.9019944280429,1.1909360778250984
ACC,0.8984732251871171,0.8924739035720919,0.9727012120872497,0.9761459235473307,0.9885070457856048,0.8086754030931993,0.979024091142054,0.9633796073399494,0.9567450380065863,0.9621937365927655
R2,0.8190299934632987,0.8417310571061316,0.96570206524127,0.9685182431063732,0.9834605970372972,0.8086578538385713,0.9732716066123354,0.9464330641645701,0.9417088647482234,0.9370088973180386
