,svr_lr,svr_rbf,dtr,rtr,etr,abr,br,gbr,xgbr,mlpr
MSE,23.584713872906608,21.21168734042254,5.86740146031746,9.367551906031744,20.863494622539687,28.90890808270475,5.153981025238097,10.835221617697975,11.218558385764934,13.408063640087835
RMSE,4.8564095660175335,4.605614762485302,2.4222719625007962,3.060645668160845,4.5676574545974535,5.376700482889553,2.2702380987989117,3.2916897815100947,3.349411647702464,3.6617022872002902
MAE,3.7648387866184785,3.5788822345497215,1.1894603174603178,1.8382825396825395,2.1857206349206355,4.118493513500874,1.2586873015873017,2.3415003704155386,2.384357820510864,2.7379487771663635
MDAE,3.7648387866184785,3.5788822345497215,1.1894603174603178,1.8382825396825395,2.1857206349206355,4.118493513500874,1.2586873015873017,2.3415003704155386,2.384357820510864,2.7379487771663635
RANK,6.917834154302139,6.577377275345556,4.112941477103264,4.380520921865113,4.686933602278482,7.486022306575518,4.079173906679178,5.279214934655245,5.475007118148391,5.42591202028603
ACC,0.59063260091349,0.5755264587036004,0.8182747808921227,0.7258606941449224,0.40995941068149067,0.32200311961159367,0.8465796793920322,0.6701640211007529,0.656095776831493,0.6058570144550348
R2,0.25586854994314323,0.330740930594295,0.8148750932379378,0.7044403412785945,0.3417269087771829,0.08788260874956688,0.8373845281929939,0.6581332630315551,0.6460384398075403,0.5769564179273396
