svr_lr,svr_rbf,dtr,rtr,etr,abr,br,gbr,xgbr,mlpr
13.150371626303595,12.43844803489367,6.639386018181818,5.836703532363635,15.147432145636369,23.318003566081863,3.028389190181817,6.1755413272659565,5.673751845103205,6.817201986777862
3.62634411305706,3.52681840117884,2.576700607013127,2.41592705443762,3.8919702138680825,4.828871873023953,1.7402267640114657,2.485063646522148,2.3819638630976763,2.6109772091647723
2.8686140648759952,2.764391146749769,1.7986363636363636,1.194374545454546,1.9160745454545458,3.9277050455215643,1.032861818181818,1.7611236967026491,1.6397327748038555,1.8280975731698264
3.837625198743935,3.6890360886011218,1.805509021376731,2.458429045199361,1.9404786920376793,5.254341041376404,1.5755360475433962,2.52542575406247,2.4638016113815273,2.9810669619834136
0.6937610590022258,0.7078099202827038,0.8501921961707447,0.8656466431547418,0.8541689129985478,0.5624560678640571,0.8989344078979534,0.8271096309374055,0.8337106197798765,0.7866902035821087
0.6683869495063883,0.686339533705119,0.8325745375522305,0.8528157896828962,0.6180270547706647,0.4119896749911969,0.9236330800394001,0.8442713136800023,0.8569249439814277,0.8280905505252277
