,svr_lr,svr_rbf,dtr,rtr,etr,abr,br,gbr,xgbr,mlpr
MSE,5.2259890069872235,3.1061510953982476,1.9408721794871793,0.7653721664475694,0.6254202640698251,9.84049821227758,0.7539913355207603,0.9666091771669133,1.0326696515496152,2.9187128443098587
RMSE,2.2860422146118,1.7624276142293753,1.3931518867256287,0.8748555117546951,0.7908351687107908,3.136956839403051,0.8683267446766569,0.9831628436667617,1.0162035482862748,1.7084240821031114
MAE,1.821855072566919,1.3568018504311377,0.8036410256410256,0.6021898283298582,0.5910399978100873,2.6713706539306594,0.6232872642272941,0.7809558773103847,0.7983539883540228,1.2636565887021924
MDAE,1.821855072566919,1.3568018504311377,0.8036410256410256,0.6021898283298582,0.5910399978100873,2.6713706539306594,0.6232872642272941,0.7809558773103847,0.7983539883540228,1.2636565887021924
RANK,3.7590095433104045,1.25647430326306,0.8867879427098799,0.5723927769629621,0.4642953214573671,6.4449338803929646,0.7702687862880576,0.6226150074679646,0.7120979000742763,0.9719069149310856
ACC,0.674724174673097,0.7948141124729085,0.8759970489362455,0.9583829507333592,0.9722518727446424,0.8100179615897187,0.9614018211751776,0.9548845914284901,0.9496763410693324,0.880255085372367
R2,0.6519015344172159,0.7931020465732377,0.8707202356016259,0.9490192427913728,0.9583413141558454,0.34453319291639084,0.9497773097864206,0.935615025033507,0.9312147957682819,0.8055871412621383
