,svr_lr,svr_rbf,dtr,rtr,etr,abr,br,gbr,xgbr,mlpr
MSE,8.583477521394647,2.2179835097748253,1.3849736397058825,0.9982748444117644,0.6360790569956623,30.011062939172902,0.8497976515441167,2.232750388790593,2.306133205933977,1.1714169017344664
RMSE,2.929757246154474,1.4892895990286192,1.176849030124885,0.999137049864414,0.7975456457129348,5.478235385520861,0.921844700339551,1.4942390668131365,1.5185958007099774,1.0823201475231192
MAE,2.3410104594464314,1.2226269475547766,0.6510514705882352,0.5783470588235292,0.4895087316176459,5.067463162714326,0.5859595588235291,1.1201836519215878,1.103034182872842,0.7045491032762382
MDAE,2.3410104594464314,1.2226269475547766,0.6510514705882352,0.5783470588235292,0.4895087316176459,5.067463162714326,0.5859595588235291,1.1201836519215878,1.103034182872842,0.7045491032762382
RANK,9.777128543309836,5.91237298733072,1.9485908938564194,1.99367948692471,1.9064028638476866,20.93906729040038,2.308518509305827,2.610258194553556,2.528554308176458,1.9081342200675953
ACC,0.8818012854547763,0.9496071157786595,0.9637147253961825,0.9777286900475595,0.9873833913286963,0.869239509640187,0.9838472581194363,0.9586331837932587,0.9552061247869079,0.9740164597194865
R2,0.7511775297073429,0.9357038991952903,0.9598516380496285,0.9710614710414953,0.981560997641272,0.1300231406186404,0.9753656078927146,0.9352758289514925,0.9331485683169608,0.9660423358125388
