,svr_lr,svr_rbf,dtr,rtr,etr,abr,br,gbr,xgbr,mlpr
MSE,73.71033320567336,51.527390516959315,7.852959643678165,8.067615102758621,9.42863021713367,62.857968068657385,8.493443233218395,14.883028196417593,15.028412566259455,19.27022677555185
RMSE,8.585472217978074,7.178258181269277,2.8023132665136075,2.8403547494562402,3.0706074671200922,7.928301714027878,2.9143512542619834,3.8578527961053144,3.8766496574051486,4.389786643511488
MAE,7.488106532694825,5.860860689279503,1.695344827586208,1.6157862068965527,1.8259058908046069,7.2298276784666555,1.7325436781609211,2.333868098596608,2.3148810993063043,3.114391978104074
MDAE,7.488106532694825,5.860860689279503,1.695344827586208,1.6157862068965527,1.8259058908046069,7.2298276784666555,1.7325436781609211,2.333868098596608,2.3148810993063043,3.114391978104074
RANK,2.596303747799929,2.2221605964744287,0.4495820576375576,0.41027489958755886,0.45332843248732446,1.6293819101754994,0.4438126471284628,0.7167871772151974,0.7192645746435117,0.7513461614156556
ACC,0.7857716368852115,0.788167729020365,0.9598833813168435,0.9586133789622658,0.9533874644625491,0.8722459529066787,0.9579202931634153,0.9225447321220392,0.9217971954746513,0.92946697270647
R2,0.6163517735089457,0.7318097595301349,0.959126842750847,0.9580096020248683,0.9509257779238355,0.6728362643120489,0.955793247818667,0.9225366766903655,0.9217799787726704,0.8997021448011597
