,svr_lr,svr_rbf,dtr,rtr,etr,abr,br,gbr,xgbr,mlpr
MSE,10.147948535585002,2.616071864836811,1.3503947794117648,1.0721594377117298,0.8824784342757027,26.04219361964618,1.2416907410072628,2.049496953235326,2.3176184341661634,2.1543873506371476
RMSE,3.1855844888473768,1.6174275454674347,1.1620648774538214,1.0354513207832272,0.939403233055807,5.103155261173834,1.1143117790848587,1.4316064239990425,1.5223726331506893,1.4677831415563907
MAE,2.5927012190143337,1.3312715428449422,0.617529411764706,0.5820390677901317,0.575993430953889,4.732396185826783,0.622361078012713,1.0487216243242614,1.0710717648776136,0.8037264829744498
MDAE,2.5927012190143337,1.3312715428449422,0.617529411764706,0.5820390677901317,0.575993430953889,4.732396185826783,0.622361078012713,1.0487216243242614,1.0710717648776136,0.8037264829744498
RANK,10.260655359781854,6.023027780807457,1.8183383775821989,2.265174368251718,1.8143489881682133,20.773500486862492,1.9848593898504132,2.758137984908512,2.9873590476844027,3.160240900609328
ACC,0.8772895954888896,0.945792471287322,0.9653773022146397,0.9726903293032567,0.9796964316918365,0.894179381996204,0.9704166059755313,0.9576021498217586,0.9516083114675109,0.9435386191979915
R2,0.7058258011705327,0.9241638995093391,0.9608540286793984,0.9689196646494307,0.9744182397578179,0.2450748624751823,0.9640051999033199,0.9405880782596342,0.9328156283338963,0.9375474589154993
