svr_lr,svr_rbf,dtr,rtr,etr,abr,br,gbr,xgbr,mlpr
19.87099495044087,5.259281931102221,2.04050695,3.512623482259644,2.682181854307767,35.92709020984144,3.0794463589023287,3.5387928194282465,3.634009506969869,5.152872364913437
4.4576894183467815,2.293312436433863,1.4284631426816725,1.8741994243568756,1.6377368086196777,5.993921104739488,1.754835137242906,1.881167940251015,1.906307820623382,2.2699939129683666
3.7726593994786137,1.84044693568987,0.786375,1.0596250826216118,0.838411415243223,5.588616662237653,0.9926775826216115,1.2213653538278,1.2461268974095585,1.42951132054131
38.5935500591662,7.606943647632127,4.616027050613586,4.465431743105055,4.193597005269483,51.85768253911984,4.743731131681898,3.566185707200988,3.4633519148365277,4.338310682629814
-1.2040513296159077,0.44174381961993103,0.7604990738346664,0.7682402418872353,0.824572545012836,-2.1756555408244624,0.7722850311839582,0.7641571095444127,0.7769978955684609,0.7271570459250701
0.39897352948008413,0.840925546788013,0.9382819686035576,0.8937557128330381,0.9188735995752747,-0.0866658805321947,0.906857770289685,0.8929641840548608,0.8900842200776936,0.8441440552801901
