svr_lr,svr_rbf,dtr,rtr,etr,abr,br,gbr,xgbr,mlpr
10.147948535585002,2.616071864836811,1.3503947794117648,1.0721594377117298,0.8824784342757027,26.04219361964618,1.2416907410072628,2.049496953235326,2.3176184341661634,2.1543873506371476
3.1855844888473768,1.6174275454674347,1.1620648774538214,1.0354513207832272,0.939403233055807,5.103155261173834,1.1143117790848587,1.4316064239990425,1.5223726331506893,1.4677831415563907
2.5927012190143337,1.3312715428449422,0.617529411764706,0.5820390677901317,0.575993430953889,4.732396185826783,0.622361078012713,1.0487216243242614,1.0710717648776136,0.8037264829744498
10.260655359781854,6.023027780807457,1.8183383775821989,2.265174368251718,1.8143489881682133,20.773500486862492,1.9848593898504132,2.758137984908512,2.9873590476844027,3.160240900609328
0.5414298718642266,0.7588547120111585,0.9188823720826242,0.9150058159873087,0.9225950068649907,0.030514344786479186,0.9109013801601089,0.8549305400201563,0.8515115904446923,0.8980995308086593
0.7058258011705327,0.9241638995093391,0.9608540286793984,0.9689196646494307,0.9744182397578179,0.2450748624751823,0.9640051999033199,0.9405880782596342,0.9328156283338963,0.9375474589154993
