svr_lr,svr_rbf,dtr,rtr,etr,abr,br,gbr,xgbr,mlpr
20.83040874839146,12.550005973971755,3.090653037037037,4.287719356400389,4.321477395022817,19.35803209435771,4.487106194086841,5.312361617298735,5.080592888424561,10.419020471861618
4.564034262403324,3.5425987599461157,1.7580253232069887,2.0706808919774167,2.0788163447074437,4.3997763686757665,2.1182790642610905,2.304856094704989,2.25401705593027,3.227850751175094
3.958560771745015,2.861822997948317,1.0682592592592588,1.2052451788587693,1.255406045165106,3.728711460277656,1.2475155492291394,1.6232644238989937,1.5472264629293375,2.4171139208456704
6.747803566288954,6.576505728269515,1.8287155476069363,2.223659221531555,1.9466773079744966,7.081085024402593,2.12930070486873,2.959227061347454,2.841340369513759,5.8408585224324865
0.48050643113295055,0.6114380588519728,0.8912863831043485,0.8593768920028374,0.8718904600915578,0.4701275553218287,0.8631543563075286,0.8100776577215224,0.816627781025418,0.6705899795207988
0.6426068218583384,0.7846760198077745,0.9469727970880484,0.9264343937618704,0.9258551976041364,0.6678688019837808,0.9230134577417898,0.9088543184736697,0.9128308397031243,0.821237937068844
