,svr_lr,svr_rbf,dtr,rtr,etr,abr,br,gbr,xgbr,mlpr
MSE,15.687326455290673,11.543539416869727,5.141511358974357,2.839588069743592,2.0172527594139424,15.602525518223846,2.1836756272310316,5.887744781159207,5.4313770025961325,10.824045643080881
RMSE,3.9607229712882814,3.397578463681115,2.2674901011855284,1.6851077323849628,1.420300235659328,3.9500032301535963,1.4777265062355185,2.426467552051584,2.3305314850042538,3.2899917390596713
MAE,3.4801268507550502,2.857443164127731,1.4617179487179486,1.1661538461538465,1.0833994915593126,3.593528826485193,1.0740126510325914,2.115640857453804,2.063960065939488,2.8034148085451536
MDAE,3.4801268507550502,2.857443164127731,1.4617179487179486,1.1661538461538465,1.0833994915593126,3.593528826485193,1.0740126510325914,2.115640857453804,2.063960065939488,2.8034148085451536
RANK,2.254162122612843,1.26790555493415,0.8170222450134527,0.6226045263344404,0.4813386029527635,3.9067380184578315,1.075137567310136,1.0023072606414678,0.9650065543421839,0.9797282329341428
ACC,0.9320385819086872,0.9326522398370698,0.9497353165517831,0.9809906873911042,0.989359788899066,0.8362405045330524,0.9836138083376768,0.9693380857669888,0.973632782447914,0.9522283807483533
R2,0.834408661548204,0.8781493999019921,0.9457275431843557,0.970026046792568,0.978706404473767,0.8353037981867436,0.9769496879606403,0.9378504972435302,0.9426677968320809,0.8857441890682014
