,svr_lr,svr_rbf,dtr,rtr,etr,abr,br,gbr,xgbr,mlpr
MSE,4.614580457450407,8.601427396554268,12.639475543478257,2.1808705001086968,2.3582599228536365,12.178838088815105,5.215804514565218,0.9519249415161323,1.2180855620872533,2.1456930481228422
RMSE,2.148157456391502,2.9328190187180434,3.5552040087002403,1.476777065134984,1.5356626982686128,3.489819205749075,2.283813590152493,0.9756664089309072,1.103669136148716,1.4648184352071905
MAE,1.8043558644217623,2.6424933588317017,0.6105434782608699,0.3525619565217393,0.3298088201992764,2.8416895576061023,0.8854543478260868,0.8132435460255248,0.9535265855167225,1.3707921871573263
MDAE,1.8043558644217623,2.6424933588317017,0.6105434782608699,0.3525619565217393,0.3298088201992764,2.8416895576061023,0.8854543478260868,0.8132435460255248,0.9535265855167225,1.3707921871573263
RANK,3.338022877697365,3.355600894197385,2.0272568591919997,0.7885740853142827,0.7654844712551658,3.7279344207596923,1.1905213413553912,0.9605682531781682,1.0123166861904482,1.4592451834458329
ACC,0.7487682555901591,0.7015556415176016,0.2518871459458659,0.8723352323084292,0.8597266880301225,0.2849792229688932,0.7101901289271189,0.9679809002355654,0.9699732783200625,0.9668814833432389
R2,0.7234773609083641,0.484570823809101,0.24259612195647606,0.8693142157195481,0.8586843888530177,0.2701992130288734,0.6874498033672776,0.9429571551580167,0.9270078315085037,0.8714221780683122
