,svr_lr,svr_rbf,dtr,rtr,etr,abr,br,gbr,xgbr,mlpr
MSE,8.574496189466593,7.934448604690123,24.610990041666668,6.564064835625,11.26991855928892,12.585024339372737,3.777582085208334,2.3762026934679192,2.5030207180814106,1.2171576101962336
RMSE,2.9282240674966444,2.81681533024267,4.960946486474801,2.5620430979249744,3.357069936609739,3.5475377854749817,1.9436002894649749,1.5414936566421282,1.582093776639492,1.1032486619961221
MAE,2.3985421445919366,2.332207875747119,1.160625,0.8880520833333333,1.2165507812500023,2.7970340491381034,0.6749312499999999,1.3131167934625287,1.3699785215854643,0.9519930722324679
MDAE,2.3985421445919366,2.332207875747119,1.160625,0.8880520833333333,1.2165507812500023,2.7970340491381034,0.6749312499999999,1.3131167934625287,1.3699785215854643,0.9519930722324679
RANK,2.287447405936735,2.1721767898764,1.8120041436823129,0.9278117558452952,1.2115105014170684,2.933493442297331,0.7453653161523929,1.0545780294111446,1.04214665416927,0.7101530589794944
ACC,0.7657004631736333,0.7780772562943962,0.067197606792462,0.7545117133703187,0.587974252178046,0.6721500691789146,0.8572270214386782,0.9212844454699324,0.9175865739298581,0.9649585201628945
R2,0.6699186135632091,0.6945577048287777,0.052582270137932596,0.7473116118162423,0.5661563943955497,0.51553045327794,0.8545792657070481,0.9085263714411284,0.9036444205410836,0.9531446439991179
