,svr_lr,svr_rbf,dtr,rtr,etr,abr,br,gbr,xgbr,mlpr
MSE,67.68578362617023,68.2254235153901,9.3725148354085,6.436143432233989,5.730798260264344,26.974389373845685,4.9916323901713415,6.4122228754391415,6.088686424191222,10.060025391232074
RMSE,8.227137024881149,8.259868250486209,3.061456325902511,2.536955544000326,2.3939085739151245,5.193687454385919,2.2341961395927936,2.5322367336880536,2.4675263776079928,3.171754308144323
MAE,5.011496353383539,4.586249060773159,1.4045878770974811,1.273386912106525,1.2459828514718898,4.2601423708711454,1.191531591707744,1.600701279616984,1.578262346058317,2.2478554962381843
MDAE,5.011496353383539,4.586249060773159,1.4045878770974811,1.273386912106525,1.2459828514718898,4.2601423708711454,1.191531591707744,1.600701279616984,1.578262346058317,2.2478554962381843
RANK,57.759155159329126,21.987987649276594,9.652854684744122,9.554001958323646,9.127446164403764,79.59338084721962,9.509118576778622,10.823681465114484,10.595106380933476,17.263576608137697
ACC,0.8625435169359772,0.8621421730009018,0.9804889579269609,0.9866459695158164,0.9883215846171701,0.9505317671804089,0.9897071382696749,0.9866562359154378,0.987333084463433,0.9791080930656816
R2,0.8590747174840412,0.8579511594815925,0.9804859420944302,0.9865996183702287,0.988068183293405,0.943837934060131,0.9896071646494358,0.9866494221996838,0.9873230417303099,0.979054509759285
