,svr_lr,svr_rbf,dtr,rtr,etr,abr,br,gbr,xgbr,mlpr
MSE,5.076412132719398,8.693188332757666,1.1007138431372547,1.7950085354901972,2.289883077352941,9.903186092266278,1.464110485499677,0.9136972391983328,1.0853127728806253,10.268928020187195
RMSE,2.2530894639848187,2.9484213289076693,1.0491491043399193,1.3397792861102895,1.513235962219026,3.1469328070783904,1.2100043328433485,0.9558751169469434,1.041783457768756,3.2045168154009107
MAE,1.8741978060119555,2.653198759080007,0.44931372549019577,0.566882352941177,0.36466176470588224,2.360831544239971,0.6130394412995323,0.7937503333902683,0.915797074149637,3.094011038129348
MDAE,1.8741978060119555,2.653198759080007,0.44931372549019577,0.566882352941177,0.36466176470588224,2.360831544239971,0.6130394412995323,0.7937503333902683,0.915797074149637,3.094011038129348
RANK,3.53686313960623,3.524163770131371,1.4070194162300416,1.022457161542401,0.9235307646710416,3.921080473204013,0.7822245535945737,1.042951399461803,0.9221586611369335,2.754801356350234
ACC,0.7387119372420861,0.6934266700060042,0.9430039848224876,0.9065402149308623,0.8745142099154996,0.4620020796656641,0.9308173974770818,0.9701648917869213,0.9731045352954435,0.8372958523473748
R2,0.7214927459343718,0.5230655139233704,0.9396115244488707,0.9015204271888118,0.8743701198146652,0.4566813936794176,0.9196744905054091,0.9498718184253975,0.9404564735339144,0.43661569030884484
