,svr_lr,svr_rbf,dtr,rtr,etr,abr,br,gbr,xgbr,mlpr
MSE,12.807561327735419,11.459235638279047,2.787532225,1.7532236177500007,1.1099936124328582,12.432827967423501,1.5765215947499989,2.8983468635968563,3.4630556811066007,7.482004107952221
RMSE,3.578765335661926,3.385149278581234,1.6695904363046645,1.3240935079328804,1.0535623438756998,3.5260215494837097,1.2555961113152585,1.7024531898401367,1.8609287146762503,2.7353252289174357
MAE,2.8322823441760585,2.4948479138779502,1.283875,0.8627974999999996,0.7480003906249987,2.5882499875776035,0.7902874999999996,1.3006192584088918,1.4098726224422455,1.9338390013453144
MDAE,2.8322823441760585,2.4948479138779502,1.283875,0.8627974999999996,0.7480003906249987,2.5882499875776035,0.7902874999999996,1.3006192584088918,1.4098726224422455,1.9338390013453144
RANK,4.344276676880098,4.803683159105724,1.824547342161498,1.2910915326979546,1.3145506311729493,4.368458152375896,1.554682062084459,1.6351402242530098,1.651480625018268,1.7103501316284149
ACC,0.8489969057317395,0.8571830178386133,0.9566101061841696,0.973216652846497,0.984529392524433,0.812707774514218,0.9761693309768557,0.9568984985301492,0.947828374788741,0.8836660079280723
R2,0.8005818861171105,0.8215757786319144,0.9565971690884292,0.9727017081456786,0.9827170195051836,0.806416612807864,0.9754530191286401,0.9548717472337827,0.9460790376461299,0.8835026349598061
