,svr_lr,svr_rbf,dtr,rtr,etr,abr,br,gbr,xgbr,mlpr
MSE,391.1075086269738,415.76576517770945,59.161521870967725,46.694263391827945,14.472722161827965,55.68651135349774,31.243711902580653,27.620189728834927,24.916827007012714,33.59514101040615
RMSE,19.776438218925414,20.390335092335032,7.691652739884174,6.833320085568065,3.8043031111923726,7.462339536197596,5.589607490922833,5.255491387951742,4.9916757714231315,5.796131555650385
MAE,15.870975806930424,16.395486602084457,3.6760860215053768,3.5435655913978494,2.4397430107526876,6.70528429031574,3.0271053763440867,3.195398342217922,3.079680306219287,4.846371900646725
MDAE,15.870975806930424,16.395486602084457,3.6760860215053768,3.5435655913978494,2.4397430107526876,6.70528429031574,3.0271053763440867,3.195398342217922,3.079680306219287,4.846371900646725
RANK,4.677510848283097,4.2057035971168375,1.1704643010257283,1.0482940869038937,0.700541381234685,1.5291551555616416,0.9321258905728491,0.7886356571020314,0.7668713763308537,1.2137644325947339
ACC,0.5246720686455354,0.5377672669989408,0.9258927849688943,0.943681655280896,0.9813473071305332,0.9752046628579669,0.9616871841002458,0.9680056168822122,0.9717815609558783,0.9673675994502687
R2,0.459300202539916,0.4252105621504806,0.91821015401785,0.9354459369825355,0.9799916959685372,0.9230142997872931,0.9568060742251332,0.9618155349545233,0.9655528901418013,0.9535552615603331
