svr_lr,svr_rbf,dtr,rtr,etr,abr,br,gbr,xgbr,mlpr
15.813595787474767,16.014987307223155,3.8603794210526323,5.355189282456141,20.513531951393055,12.488681353993423,4.396542119473683,3.936667708557909,4.378155392047111,10.079523932443243
3.976631210896324,4.001872974898523,1.9647848281816083,2.3141281905841216,4.529186676589193,3.5339328451448284,2.09679329440784,1.9841037544841018,2.0924042133505445,3.1748265987992546
2.8531864285384803,3.042276244235363,1.4235614035087727,1.4543192982456141,2.414279179288734,2.7975410450910276,1.2795210526315794,1.206458042058145,1.370578199085436,2.50011147489862
1.9905462503794666,1.9981763709048077,0.9411657910756961,1.5794696861632607,2.0479725192325655,1.9567423098109602,1.6210602269013101,1.5059842142493414,1.4712547548703947,1.7294780449412943
0.8295132306430973,0.8184747603289704,0.913740158243529,0.9005482777877838,0.8537179121482688,0.8251099395834149,0.9096728344367669,0.9146541248524493,0.9069971517548232,0.8443494911681724
-1.2839681526634639,-1.3130552637483528,0.44244283378830473,0.22654645173729426,-1.9627830573951868,-0.8037485505905857,0.3650044988076093,0.43142446570649917,0.36766010607355804,-0.45579234255776946
