,svr_lr,svr_rbf,dtr,rtr,etr,abr,br,gbr,xgbr,mlpr
MSE,4.898100356096097,3.0874330078316623,1.593463871794872,0.7509583371794878,0.4321589873561595,8.409870165421868,0.5672175146153849,0.9851747124350186,1.003944416417221,1.401156010932801
RMSE,2.2131652347025734,1.7571092760075175,1.2623247885528002,0.8665785233777075,0.6573880036600603,2.899977614641511,0.7531384431931389,0.9925596770144446,1.0019702672321276,1.1837043595986292
MAE,1.7573846285919297,1.3523319091442942,0.7372820512820513,0.5823051282051284,0.4794939903846151,2.317353095381351,0.5445974358974361,0.7426910930626491,0.7472252654601369,0.9080514905127811
MDAE,1.7573846285919297,1.3523319091442942,0.7372820512820513,0.5823051282051284,0.4794939903846151,2.317353095381351,0.5445974358974361,0.7426910930626491,0.7472252654601369,0.9080514905127811
RANK,3.5313403574299205,1.2580236933714892,0.7411571792576118,0.6262203032838636,0.47643558734177205,6.409755632074322,0.5889545645199767,0.7793559385516966,0.8143713065927363,0.8168879129776957
ACC,0.6821786284360754,0.7990382236470954,0.9028085042571962,0.9586637237495725,0.9802356245392464,0.7503070418768543,0.9719782459212489,0.9495700909244744,0.950608157670379,0.939853864943969
R2,0.6737419049393518,0.794348841687399,0.8938607930495494,0.9499793351001555,0.9712142753868489,0.43982605083559756,0.9622181473735774,0.9343783912918535,0.9331281580542956,0.9066702481012328
