,svr_lr,svr_rbf,dtr,rtr,etr,abr,br,gbr,xgbr,mlpr
MSE,13.63360211073101,10.835391476291015,5.217902341463412,4.855213516527635,2.4703649419525084,13.46155272266558,3.88181395965446,4.911440916437828,4.9775663365345615,9.781286607884955
RMSE,3.692370798109395,3.291715582533068,2.284272825531883,2.203454904582264,1.5717394637637971,3.66899887199023,1.9702319557997379,2.216177095007939,2.2310460184708343,3.127504853375124
MAE,2.800575093642607,2.548189760594585,1.458097560975609,1.4282686151087278,1.0037369077916547,3.190045143955333,1.2673022778114895,1.8451869038989177,1.7862774935001278,2.8096975058167892
MDAE,2.800575093642607,2.548189760594585,1.458097560975609,1.4282686151087278,1.0037369077916547,3.190045143955333,1.2673022778114895,1.8451869038989177,1.7862774935001278,2.8096975058167892
RANK,3.509230701913514,2.6150984050659822,1.6982725574282715,1.5528955640396909,1.7480539289596697,3.502289344851337,1.4937117522067034,1.5799718841976096,1.618016784854104,1.6134974926115706
ACC,0.8608121591191532,0.8842250283679637,0.9388384174509431,0.9485274974623987,0.9708149512304444,0.8424529801166265,0.9565419657788009,0.9557432267877866,0.9504394906278602,0.9364425501259932
R2,0.836514564773088,0.870068916712692,0.9374302529634313,0.941779385343486,0.9703769638849497,0.8385776709764194,0.9534517701551154,0.9411051423318934,0.9403122085938926,0.8827090679938073
