,svr_lr,svr_rbf,dtr,rtr,etr,abr,br,gbr,xgbr,mlpr
MSE,13.786159501823887,10.44643780473156,5.227718948717948,2.9884597230769216,1.8012351498453085,16.526628274475772,2.506924462820512,5.697124899428523,5.745516879894944,8.933089137182463
RMSE,3.7129717884497704,3.2320949560202528,2.2864205537735063,1.7287162066333854,1.3421010207302984,4.065295594969174,1.583327023334255,2.386865077759638,2.3969807842147888,2.9888273849759983
MAE,3.2401923607522454,2.7011394275103378,1.6028461538461531,1.1870358974358974,0.9994030448717942,3.734255219109384,1.1768282051282049,2.105430380389286,2.1248793252798235,2.4264749686802207
MDAE,3.2401923607522454,2.7011394275103378,1.6028461538461531,1.1870358974358974,0.9994030448717942,3.734255219109384,1.1768282051282049,2.105430380389286,2.1248793252798235,2.4264749686802207
RANK,2.1275595073934688,1.2298967310869844,0.8453459985416025,0.6130076462533055,0.4500403014196254,3.7085728641817406,0.5529455380964364,1.0264914983633717,1.0183871704444285,1.0047424351109684
ACC,0.936223327362386,0.9372281451194449,0.9593681879021553,0.9802458120642961,0.9907273736246142,0.8281717702095104,0.9845980168210526,0.9726407384180045,0.9715926229639794,0.9627488862293226
R2,0.8544768854958681,0.8897301192099857,0.9448175582859711,0.9684545963352031,0.9809866301833279,0.8255492098117982,0.973537557315511,0.9398626311429086,0.9393518179818129,0.9057046341866394
